Daily update: Fri Jan 16 15:12:53 UTC 2026
Daily update: Sat Jan 17 04:53:52 UTC 2026
Daily update: Sat Jan 17 20:51:23 UTC 2026
Daily update: Sun Jan 18 03:58:51 UTC 2026
Daily update: Mon Jan 19 03:48:53 UTC 2026
Daily update: Tue Jan 20 12:54:32 IST 2026
Daily update: Wed Jan 21 13:07:25 IST 2026
Daily update: Thu Jan 22 14:28:25 IST 2026
Daily update: Fri Jan 23 14:42:16 IST 2026
Daily update: Sat Jan 24 13:58:34 IST 2026
Daily update: Sat Jan 24 18:59:36 IST 2026
Daily auto update: 2026-01-25 12:50:33 IST
2026-01-26 | Monday    | 02:44:18 IST | Week 05 | System check
2026-01-26 | Monday    | 13:03:45 IST | Week 05 | Daily update
2026-01-27 | Tuesday   | 12:55:08 IST | Week 05 | System check
2026-01-28 | Wednesday | 14:05:03 IST | Week 05 | System check
2026-01-29 | Thursday  | 13:46:15 IST | Week 05 | System check
2026-01-30 | Friday    | 13:08:58 IST | Week 05 | System check
2026-01-31 | Saturday  | 12:52:48 IST | Week 05 | Log refresh
2026-02-01 | Sunday    | 13:36:09 IST | Week 05 | Routine maintenance
2026-02-02 | Monday    | 13:56:48 IST | Week 06 | System check
2026-02-03 | Tuesday   | 14:50:52 IST | Week 06 | Minor changes
2026-02-04 | Wednesday | 13:24:50 IST | Week 06 | System check
2026-02-05 | Thursday  | 14:53:18 IST | Week 06 | Routine maintenance
2026-02-06 | Friday    | 14:07:19 IST | Week 06 | Routine maintenance
2026-02-07 | Saturday  | 14:06:57 IST | Week 06 | Daily update
2026-02-08 | Sunday    | 14:52:13 IST | Week 06 | Routine maintenance
2026-02-09 | Monday    | 14:23:16 IST | Week 07 | System check
